<settings>
    <servers>
        <server>
            <!-- Maven Central Deployment -->
            <id>ossrh</id>
            <username>${env.SONATYPE_USERNAME}</username>
            <password>${env.SONATYPE_PASSWORD}</password>
        </server>
    </servers>
    <profiles>
        <profile>
            <id>ossrh</id>
            <activation>
                <activeByDefault>true</activeByDefault>
            </activation>
            <properties>
                <gpg.keyname>${env.GPG_KEY_NAME}</gpg.keyname>
                <gpg.passphrase>${env.GPG_PASSPHRASE_KEY}</gpg.passphrase>
            </properties>
        </profile>
    </profiles>
</settings>
