{"responseHeader":{"status":0,"QTime":1,"params":{"q":"a:jline","core":"gav","indent":"off","fl":"id,g,a,v,p,ec,timestamp,tags","start":"","sort":"score desc,timestamp desc,g asc,a asc,v desc","rows":"30","wt":"json","version":"2.2"}},"response":{"numFound":139,"start":0,"docs":[{"id":"org.jline:jline:3.13.3","g":"org.jline","a":"jline","v":"3.13.3","p":"jar","timestamp":1578390706000,"ec":["-sources.jar","-javadoc.jar",".jar",".pom"],"tags":["jline"]},{"id":"org.jline:jline:3.13.2","g":"org.jline","a":"jline","v":"3.13.2","p":"jar","timestamp":1574846327000,"ec":["-sources.jar","-javadoc.jar",".jar",".pom"],"tags":["jline"]},{"id":"org.jline:jline:3.13.1","g":"org.jline","a":"jline","v":"3.13.1","p":"jar","timestamp":1571995758000,"ec":["-javadoc.jar","-sources.jar",".jar",".pom"],"tags":["jline"]},{"id":"org.jline:jline:3.13.0","g":"org.jline","a":"jline","v":"3.13.0","p":"jar","timestamp":1571243077000,"ec":["-javadoc.jar","-sources.jar",".jar",".pom"],"tags":["jline"]},{"id":"org.jline:jline:3.12.1","g":"org.jline","a":"jline","v":"3.12.1","p":"jar","timestamp":1562570172000,"ec":["-javadoc.jar","-sources.jar",".jar",".pom"],"tags":["jline"]},{"id":"org.jline:jline:3.12.0","g":"org.jline","a":"jline","v":"3.12.0","p":"jar","timestamp":1562252029000,"ec":["-javadoc.jar","-sources.jar",".jar",".pom"],"tags":["jline"]},{"id":"org.jline:jline:3.11.0","g":"org.jline","a":"jline","v":"3.11.0","p":"jar","timestamp":1554406548000,"ec":["-javadoc.jar","-sources.jar",".jar",".pom"],"tags":["jline"]},{"id":"org.jline:jline:3.10.0","g":"org.jline","a":"jline","v":"3.10.0","p":"jar","timestamp":1549961984000,"ec":["-sources.jar","-javadoc.jar",".jar",".pom"],"tags":["jline"]},{"id":"org.jline:jline:3.9.0","g":"org.jline","a":"jline","v":"3.9.0","p":"jar","timestamp":1531854452000,"ec":["-sources.jar","-javadoc.jar",".jar",".pom"],"tags":["jline"]},{"id":"org.jline:jline:3.8.2","g":"org.jline","a":"jline","v":"3.8.2","p":"jar","timestamp":1531853039000,"ec":["-javadoc.jar","-sources.jar",".jar",".pom"],"tags":["jline"]},{"id":"org.jline:jline:3.8.1","g":"org.jline","a":"jline","v":"3.8.1","p":"jar","timestamp":1531770227000,"ec":["-sources.jar","-javadoc.jar",".jar",".pom"],"tags":["jline"]},{"id":"org.jline:jline:3.8.0","g":"org.jline","a":"jline","v":"3.8.0","p":"jar","timestamp":1529487955000,"ec":["-sources.jar","-javadoc.jar",".jar",".pom"],"tags":["jline"]},{"id":"org.jline:jline:3.7.1","g":"org.jline","a":"jline","v":"3.7.1","p":"jar","timestamp":1527581950000,"ec":["-sources.jar","-javadoc.jar",".jar",".pom"],"tags":["jline"]},{"id":"org.jline:jline:3.7.0","g":"org.jline","a":"jline","v":"3.7.0","p":"jar","timestamp":1523864387000,"ec":["-sources.jar","-javadoc.jar",".jar",".pom"],"tags":["jline"]},{"id":"jline:jline:2.14.6","g":"jline","a":"jline","v":"2.14.6","p":"jar","timestamp":1522055920000,"ec":["-javadoc.jar","-sources.jar",".jar","-tests.jar",".pom"],"tags":["https","open","projects","maven","sonatype","repositories","source","helps"]},{"id":"org.jline:jline:3.6.2","g":"org.jline","a":"jline","v":"3.6.2","p":"jar","timestamp":1521117841000,"ec":["-sources.jar","-javadoc.jar",".jar",".pom"],"tags":["jline"]},{"id":"org.jline:jline:3.6.1","g":"org.jline","a":"jline","v":"3.6.1","p":"jar","timestamp":1518685024000,"ec":["-sources.jar","-javadoc.jar",".jar",".pom"],"tags":["jline"]},{"id":"org.jline:jline:3.6.0","g":"org.jline","a":"jline","v":"3.6.0","p":"jar","timestamp":1517574347000,"ec":["-sources.jar","-javadoc.jar",".jar",".pom"],"tags":["jline"]},{"id":"org.jline:jline:3.5.2","g":"org.jline","a":"jline","v":"3.5.2","p":"jar","timestamp":1513681163000,"ec":["-sources.jar","-javadoc.jar",".jar",".pom"],"tags":["jline"]},{"id":"org.scala-lang:jline:2.10.7","g":"org.scala-lang","a":"jline","v":"2.10.7","p":"jar","timestamp":1509739624000,"ec":["-sources.jar","-javadoc.jar",".jar",".pom"],"tags":["readline","better","like"]},{"id":"org.jline:jline:3.5.1","g":"org.jline","a":"jline","v":"3.5.1","p":"jar","timestamp":1506080801000,"ec":["-sources.jar","-javadoc.jar",".jar",".pom"],"tags":["jline"]},{"id":"org.jline:jline:3.5.0","g":"org.jline","a":"jline","v":"3.5.0","p":"jar","timestamp":1505236425000,"ec":["-javadoc.jar","-sources.jar",".jar",".pom"],"tags":["jline"]},{"id":"org.jline:jline:3.4.0","g":"org.jline","a":"jline","v":"3.4.0","p":"jar","timestamp":1501763894000,"ec":["-javadoc.jar","-sources.jar",".jar",".pom"],"tags":["jline"]},{"id":"jline:jline:2.14.5","g":"jline","a":"jline","v":"2.14.5","p":"jar","timestamp":1498507667000,"ec":["-sources.jar","-javadoc.jar","-tests.jar",".jar",".pom"],"tags":["https","open","projects","maven","sonatype","repositories","source","helps"]},{"id":"org.jline:jline:3.3.1","g":"org.jline","a":"jline","v":"3.3.1","p":"jar","timestamp":1496731372000,"ec":["-javadoc.jar","-sources.jar",".jar",".pom"],"tags":["jline"]},{"id":"jline:jline:2.14.4","g":"jline","a":"jline","v":"2.14.4","p":"jar","timestamp":1496731057000,"ec":["-sources.jar","-javadoc.jar","-tests.jar",".jar",".pom"],"tags":["https","open","projects","maven","sonatype","repositories","source","helps"]},{"id":"org.jline:jline:3.3.0","g":"org.jline","a":"jline","v":"3.3.0","p":"jar","timestamp":1494632386000,"ec":["-javadoc.jar","-sources.jar",".jar",".pom"],"tags":["jline"]},{"id":"org.jline:jline:3.2.0","g":"org.jline","a":"jline","v":"3.2.0","p":"jar","timestamp":1489399766000,"ec":["-javadoc.jar","-sources.jar",".jar",".pom"],"tags":["jline"]},{"id":"org.jline:jline:3.1.3","g":"org.jline","a":"jline","v":"3.1.3","p":"jar","timestamp":1485945557000,"ec":["-javadoc.jar","-sources.jar",".jar",".pom"],"tags":["https","open","projects","maven","sonatype","repositories","source","helps"]},{"id":"jline:jline:2.14.3","g":"jline","a":"jline","v":"2.14.3","p":"jar","timestamp":1483696017000,"ec":["-sources.jar","-javadoc.jar","-tests.jar",".jar",".pom"],"tags":["https","open","projects","maven","sonatype","repositories","source","helps"]}]}}
